all21_confident_ge04,conversion_ms,frame,height,method,minimum_joint_confidence,native_request_ms,person,present,route_ms,video,warmup,width
True,8.80879198666662,1993,480,vision,0.8466796875,7595.960458973423,1CM1_1,True,7629.970499896444,1CM1_1_R_#217.avi,True,640
,,1993,480,mediapipe,,,1CM1_1,True,44.41679210867733,1CM1_1_R_#217.avi,True,640
,,1994,480,mediapipe,,,1CM1_1,True,11.778334039263427,1CM1_1_R_#217.avi,True,640
True,0.29095797799527645,1994,480,vision,0.82470703125,7.005083025433123,1CM1_1,True,7.444499991834164,1CM1_1_R_#217.avi,True,640
True,0.36879198160022497,1995,480,vision,0.818359375,6.360584055073559,1CM1_1,True,6.854083971120417,1CM1_1_R_#217.avi,True,640
,,1995,480,mediapipe,,,1CM1_1,True,11.761250090785325,1CM1_1_R_#217.avi,True,640
,,1996,480,mediapipe,,,1CM1_1,True,11.647625011391938,1CM1_1_R_#217.avi,True,640
True,0.2364580286666751,1996,480,vision,0.822265625,6.039292085915804,1CM1_1,True,6.403999985195696,1CM1_1_R_#217.avi,True,640
True,0.1342919422313571,1997,480,vision,0.81884765625,6.641792017035186,1CM1_1,True,6.894832942634821,1CM1_1_R_#217.avi,True,640
,,1997,480,mediapipe,,,1CM1_1,True,11.889999965205789,1CM1_1_R_#217.avi,True,640
,,1998,480,mediapipe,,,1CM1_1,True,11.391916079446673,1CM1_1_R_#217.avi,False,640
True,0.2760420320555568,1998,480,vision,0.82958984375,6.748666986823082,1CM1_1,True,7.13925005402416,1CM1_1_R_#217.avi,False,640
True,0.14258292503654957,1999,480,vision,0.775390625,5.27750002220273,1CM1_1,True,5.528957932256162,1CM1_1_R_#217.avi,False,640
,,1999,480,mediapipe,,,1CM1_1,True,11.575583019293845,1CM1_1_R_#217.avi,False,640
,,2000,480,mediapipe,,,1CM1_1,True,11.87283406034112,1CM1_1_R_#217.avi,False,640
True,0.30512502416968346,2000,480,vision,0.7861328125,7.4747499311342835,1CM1_1,True,7.928707986138761,1CM1_1_R_#217.avi,False,640
True,0.2934170188382268,2001,480,vision,0.7861328125,5.6067920522764325,1CM1_1,True,6.032958044670522,1CM1_1_R_#217.avi,False,640
,,2001,480,mediapipe,,,1CM1_1,True,11.553667020052671,1CM1_1_R_#217.avi,False,640
,,2002,480,mediapipe,,,1CM1_1,True,12.664625071920455,1CM1_1_R_#217.avi,False,640
True,0.16195792704820633,2002,480,vision,0.57568359375,6.465791957452893,1CM1_1,True,6.768665974959731,1CM1_1_R_#217.avi,False,640
True,0.2127919578924775,2003,480,vision,0.7705078125,5.786249996162951,1CM1_1,True,6.142625003121793,1CM1_1_R_#217.avi,False,640
,,2003,480,mediapipe,,,1CM1_1,True,11.805166956037283,1CM1_1_R_#217.avi,False,640
,,2004,480,mediapipe,,,1CM1_1,True,11.97387499269098,1CM1_1_R_#217.avi,False,640
True,0.22016593720763922,2004,480,vision,0.466796875,7.076082983985543,1CM1_1,True,7.427415926940739,1CM1_1_R_#217.avi,False,640
True,0.21191698033362627,2005,480,vision,0.7373046875,5.496874917298555,1CM1_1,True,5.835750023834407,1CM1_1_R_#217.avi,False,640
,,2005,480,mediapipe,,,1CM1_1,True,11.959791998378932,1CM1_1_R_#217.avi,False,640
,,2006,480,mediapipe,,,1CM1_1,True,12.387791997753084,1CM1_1_R_#217.avi,False,640
True,0.2437909133732319,2006,480,vision,0.84375,6.3439999939873815,1CM1_1,True,6.7009159829467535,1CM1_1_R_#217.avi,False,640
True,0.17987494356930256,2007,480,vision,0.7880859375,5.56591700296849,1CM1_1,True,5.863166996277869,1CM1_1_R_#217.avi,False,640
,,2007,480,mediapipe,,,1CM1_1,True,11.957541923038661,1CM1_1_R_#217.avi,False,640
,,2008,480,mediapipe,,,1CM1_1,True,11.296042008325458,1CM1_1_R_#217.avi,False,640
True,0.2946669701486826,2008,480,vision,0.8173828125,6.752750021405518,1CM1_1,True,7.174749975092709,1CM1_1_R_#217.avi,False,640
True,0.25066593661904335,2009,480,vision,0.9052734375,5.550667061470449,1CM1_1,True,5.917625036090612,1CM1_1_R_#217.avi,False,640
,,2009,480,mediapipe,,,1CM1_1,True,12.080332962796092,1CM1_1_R_#217.avi,False,640
,,2010,480,mediapipe,,,1CM1_1,True,11.160499998368323,1CM1_1_R_#217.avi,False,640
True,0.16354105900973082,2010,480,vision,0.8935546875,5.851791938766837,1CM1_1,True,6.141875055618584,1CM1_1_R_#217.avi,False,640
True,0.27616601437330246,2011,480,vision,0.9140625,5.19129098393023,1CM1_1,True,5.569625063799322,1CM1_1_R_#217.avi,False,640
,,2011,480,mediapipe,,,1CM1_1,True,11.406834004446864,1CM1_1_R_#217.avi,False,640
,,2012,480,mediapipe,,,1CM1_1,True,11.511333985254169,1CM1_1_R_#217.avi,False,640
True,0.24579092860221863,2012,480,vision,0.90869140625,6.468915962614119,1CM1_1,True,6.8445829674601555,1CM1_1_R_#217.avi,False,640
True,0.11920800898224115,2013,480,vision,0.9072265625,5.245999898761511,1CM1_1,True,5.472708027809858,1CM1_1_R_#217.avi,False,640
,,2013,480,mediapipe,,,1CM1_1,True,11.656083981506526,1CM1_1_R_#217.avi,False,640
,,2014,480,mediapipe,,,1CM1_1,True,11.587083921767771,1CM1_1_R_#217.avi,False,640
True,0.30004093423485756,2014,480,vision,0.912109375,6.150583969429135,1CM1_1,True,6.558166001923382,1CM1_1_R_#217.avi,False,640
True,0.1943330280482769,2015,480,vision,0.91259765625,4.9849580973386765,1CM1_1,True,5.283375037834048,1CM1_1_R_#217.avi,False,640
,,2015,480,mediapipe,,,1CM1_1,True,11.688042082823813,1CM1_1_R_#217.avi,False,640
,,2016,480,mediapipe,,,1CM1_1,True,11.344957980327308,1CM1_1_R_#217.avi,False,640
True,0.2761669456958771,2016,480,vision,0.88916015625,6.069332943297923,1CM1_1,True,6.448416970670223,1CM1_1_R_#217.avi,False,640
True,0.2477919915691018,2017,480,vision,0.91845703125,6.442792015150189,1CM1_1,True,6.80199998896569,1CM1_1_R_#217.avi,False,640
,,2017,480,mediapipe,,,1CM1_1,True,11.576000018976629,1CM1_1_R_#217.avi,False,640
,,2018,480,mediapipe,,,1CM1_1,True,11.399165960028768,1CM1_1_R_#217.avi,False,640
True,0.31416607089340687,2018,480,vision,0.9111328125,6.109124980866909,1CM1_1,True,6.530208047479391,1CM1_1_R_#217.avi,False,640
True,0.22670789621770382,2019,480,vision,0.9169921875,5.034417030401528,1CM1_1,True,5.371291888877749,1CM1_1_R_#217.avi,False,640
,,2019,480,mediapipe,,,1CM1_1,True,11.62841694895178,1CM1_1_R_#217.avi,False,640
,,2020,480,mediapipe,,,1CM1_1,True,11.522582964971662,1CM1_1_R_#217.avi,False,640
True,0.22749998606741428,2020,480,vision,0.91162109375,6.165834027342498,1CM1_1,True,6.510665989480913,1CM1_1_R_#217.avi,False,640
True,0.25270809419453144,2021,480,vision,0.916015625,5.240499973297119,1CM1_1,True,5.592708010226488,1CM1_1_R_#217.avi,False,640
,,2021,480,mediapipe,,,1CM1_1,True,11.564082931727171,1CM1_1_R_#217.avi,False,640
,,2022,480,mediapipe,,,1CM1_1,True,11.043500038795173,1CM1_1_R_#217.avi,False,640
True,0.2648750087246299,2022,480,vision,0.91552734375,6.221084040589631,1CM1_1,True,6.590708042494953,1CM1_1_R_#217.avi,False,640
True,0.2571250079199672,1898,480,vision,0.83251953125,5.411416990682483,1CM1_2,True,5.795500008389354,1CM1_2_R_#221.avi,True,640
,,1898,480,mediapipe,,,1CM1_2,True,11.522750020958483,1CM1_2_R_#221.avi,True,640
,,1899,480,mediapipe,,,1CM1_2,True,11.496208026073873,1CM1_2_R_#221.avi,True,640
True,0.3335829824209213,1899,480,vision,0.818359375,5.952124949544668,1CM1_2,True,6.406666012480855,1CM1_2_R_#221.avi,True,640
True,0.24049996864050627,1900,480,vision,0.814453125,5.171374999918044,1CM1_2,True,5.505708046257496,1CM1_2_R_#221.avi,True,640
,,1900,480,mediapipe,,,1CM1_2,True,11.421791044995189,1CM1_2_R_#221.avi,True,640
,,1901,480,mediapipe,,,1CM1_2,True,11.178249958902597,1CM1_2_R_#221.avi,True,640
True,0.19408296793699265,1901,480,vision,0.75439453125,7.9453750513494015,1CM1_2,True,8.243624935857952,1CM1_2_R_#221.avi,True,640
True,0.1676660031080246,1902,480,vision,0.77392578125,5.443666945211589,1CM1_2,True,5.720166023820639,1CM1_2_R_#221.avi,True,640
,,1902,480,mediapipe,,,1CM1_2,True,12.093542027287185,1CM1_2_R_#221.avi,True,640
,,1903,480,mediapipe,,,1CM1_2,True,11.498833075165749,1CM1_2_R_#221.avi,False,640
True,0.25445898063480854,1903,480,vision,0.79150390625,5.929584032855928,1CM1_2,True,6.301291985437274,1CM1_2_R_#221.avi,False,640
True,0.11112506035715342,1904,480,vision,0.82666015625,6.086207926273346,1CM1_2,True,6.30033400375396,1CM1_2_R_#221.avi,False,640
,,1904,480,mediapipe,,,1CM1_2,True,11.766750016249716,1CM1_2_R_#221.avi,False,640
,,1905,480,mediapipe,,,1CM1_2,True,11.06729090679437,1CM1_2_R_#221.avi,False,640
True,0.22670801263302565,1905,480,vision,0.80078125,6.342541077174246,1CM1_2,True,6.670458009466529,1CM1_2_R_#221.avi,False,640
True,0.12441701255738735,1906,480,vision,0.8330078125,5.134874954819679,1CM1_2,True,5.3682089783251286,1CM1_2_R_#221.avi,False,640
,,1906,480,mediapipe,,,1CM1_2,True,12.241458054631948,1CM1_2_R_#221.avi,False,640
,,1907,480,mediapipe,,,1CM1_2,True,11.48541597649455,1CM1_2_R_#221.avi,False,640
True,0.25295792147517204,1907,480,vision,0.814453125,6.877291016280651,1CM1_2,True,7.233957992866635,1CM1_2_R_#221.avi,False,640
True,0.11633301619440317,1908,480,vision,0.83544921875,5.390208098106086,1CM1_2,True,5.613791989162564,1CM1_2_R_#221.avi,False,640
,,1908,480,mediapipe,,,1CM1_2,True,11.751499958336353,1CM1_2_R_#221.avi,False,640
,,1909,480,mediapipe,,,1CM1_2,True,11.500583961606026,1CM1_2_R_#221.avi,False,640
True,0.1805420033633709,1909,480,vision,0.447509765625,6.0917920200154185,1CM1_2,True,6.385707994922996,1CM1_2_R_#221.avi,False,640
True,0.20929204765707254,1910,480,vision,0.72802734375,4.985708044841886,1CM1_2,True,5.306833074428141,1CM1_2_R_#221.avi,False,640
,,1910,480,mediapipe,,,1CM1_2,True,11.63029100280255,1CM1_2_R_#221.avi,False,640
,,1911,480,mediapipe,,,1CM1_2,True,11.488707968965173,1CM1_2_R_#221.avi,False,640
True,0.21720805671066046,1911,480,vision,0.83154296875,6.609499920159578,1CM1_2,True,6.945000030100346,1CM1_2_R_#221.avi,False,640
True,0.19316701218485832,1912,480,vision,0.7890625,5.358541035093367,1CM1_2,True,5.664333933964372,1CM1_2_R_#221.avi,False,640
,,1912,480,mediapipe,,,1CM1_2,True,11.156207998283207,1CM1_2_R_#221.avi,False,640
,,1913,480,mediapipe,,,1CM1_2,True,11.661750031635165,1CM1_2_R_#221.avi,False,640
True,0.13145897537469864,1913,480,vision,0.787109375,6.063540931791067,1CM1_2,True,6.30691705737263,1CM1_2_R_#221.avi,False,640
True,0.10887498501688242,1914,480,vision,0.77294921875,5.23208302911371,1CM1_2,True,5.439582979306579,1CM1_2_R_#221.avi,False,640
,,1914,480,mediapipe,,,1CM1_2,True,11.549665941856802,1CM1_2_R_#221.avi,False,640
,,1915,480,mediapipe,,,1CM1_2,True,10.927916970103979,1CM1_2_R_#221.avi,False,640
True,0.23687502834945917,1915,480,vision,0.826171875,6.665375083684921,1CM1_2,True,7.015666924417019,1CM1_2_R_#221.avi,False,640
True,0.26645895559340715,1916,480,vision,0.83203125,5.4177920101210475,1CM1_2,True,5.79004199244082,1CM1_2_R_#221.avi,False,640
,,1916,480,mediapipe,,,1CM1_2,True,12.256540940143168,1CM1_2_R_#221.avi,False,640
,,1917,480,mediapipe,,,1CM1_2,True,11.56266697216779,1CM1_2_R_#221.avi,False,640
True,0.199749949388206,1917,480,vision,0.77978515625,5.7490000035613775,1CM1_2,True,6.056707934476435,1CM1_2_R_#221.avi,False,640
True,0.20554102957248688,1918,480,vision,0.84130859375,6.289582932367921,1CM1_2,True,6.595000042580068,1CM1_2_R_#221.avi,False,640
,,1918,480,mediapipe,,,1CM1_2,True,11.634084046818316,1CM1_2_R_#221.avi,False,640
,,1919,480,mediapipe,,,1CM1_2,True,11.117583024315536,1CM1_2_R_#221.avi,False,640
True,0.16412499826401472,1919,480,vision,0.85400390625,6.390833994373679,1CM1_2,True,6.67899998370558,1CM1_2_R_#221.avi,False,640
True,0.18012500368058681,1920,480,vision,0.884765625,5.385749973356724,1CM1_2,True,5.668374942615628,1CM1_2_R_#221.avi,False,640
,,1920,480,mediapipe,,,1CM1_2,True,11.713000014424324,1CM1_2_R_#221.avi,False,640
,,1921,480,mediapipe,,,1CM1_2,True,11.546832975000143,1CM1_2_R_#221.avi,False,640
True,0.3030420048162341,1921,480,vision,0.86669921875,6.950124981813133,1CM1_2,True,7.356332964263856,1CM1_2_R_#221.avi,False,640
True,0.11429202277213335,1922,480,vision,0.8701171875,5.082709016278386,1CM1_2,True,5.305666942149401,1CM1_2_R_#221.avi,False,640
,,1922,480,mediapipe,,,1CM1_2,True,11.5784170338884,1CM1_2_R_#221.avi,False,640
,,1923,480,mediapipe,,,1CM1_2,True,12.156417011283338,1CM1_2_R_#221.avi,False,640
True,0.14933396596461535,1923,480,vision,0.85205078125,6.157291936688125,1CM1_2,True,6.540416972711682,1CM1_2_R_#221.avi,False,640
True,0.2525830641388893,1924,480,vision,0.84423828125,6.638083956204355,1CM1_2,True,7.0205830270424485,1CM1_2_R_#221.avi,False,640
,,1924,480,mediapipe,,,1CM1_2,True,11.920290999114513,1CM1_2_R_#221.avi,False,640
,,1925,480,mediapipe,,,1CM1_2,True,11.430416954681277,1CM1_2_R_#221.avi,False,640
True,0.20104204304516315,1925,480,vision,0.8642578125,7.194208912551403,1CM1_2,True,7.5255840783938766,1CM1_2_R_#221.avi,False,640
True,0.19029201939702034,1926,480,vision,0.86181640625,5.248542060144246,1CM1_2,True,5.561874946579337,1CM1_2_R_#221.avi,False,640
,,1926,480,mediapipe,,,1CM1_2,True,11.474375030957162,1CM1_2_R_#221.avi,False,640
,,1927,480,mediapipe,,,1CM1_2,True,11.711374972946942,1CM1_2_R_#221.avi,False,640
True,0.19879103638231754,1927,480,vision,0.8359375,6.156416959129274,1CM1_2,True,6.464333040639758,1CM1_2_R_#221.avi,False,640
False,0.280875014141202,2094,480,vision,,3.257000003941357,1CM42_21,False,3.6011250922456384,1CM42_21_R_#153.avi,True,640
,,2094,480,mediapipe,,,1CM42_21,False,11.566624976694584,1CM42_21_R_#153.avi,True,640
,,2095,480,mediapipe,,,1CM42_21,False,12.692457996308804,1CM42_21_R_#153.avi,True,640
False,0.22670801263302565,2095,480,vision,,4.174916073679924,1CM42_21,False,4.409707966260612,1CM42_21_R_#153.avi,True,640
False,0.16891700215637684,2096,480,vision,,3.333625034429133,1CM42_21,False,3.507917048409581,1CM42_21_R_#153.avi,True,640
,,2096,480,mediapipe,,,1CM42_21,False,13.165167067199945,1CM42_21_R_#153.avi,True,640
,,2097,480,mediapipe,,,1CM42_21,False,13.239625026471913,1CM42_21_R_#153.avi,True,640
False,0.2095840172842145,2097,480,vision,,4.670292022638023,1CM42_21,False,4.892749944701791,1CM42_21_R_#153.avi,True,640
False,0.20241702441126108,2098,480,vision,,3.8255410036072135,1CM42_21,False,4.041542066261172,1CM42_21_R_#153.avi,True,640
,,2098,480,mediapipe,,,1CM42_21,False,12.889291043393314,1CM42_21_R_#153.avi,True,640
,,2099,480,mediapipe,,,1CM42_21,False,12.994750053621829,1CM42_21_R_#153.avi,False,640
False,0.2865829737856984,2099,480,vision,,4.551750025711954,1CM42_21,False,4.845040966756642,1CM42_21_R_#153.avi,False,640
False,0.24283304810523987,2100,480,vision,,3.866791957989335,1CM42_21,False,4.115666029974818,1CM42_21_R_#153.avi,False,640
,,2100,480,mediapipe,,,1CM42_21,False,13.043834012933075,1CM42_21_R_#153.avi,False,640
,,2101,480,mediapipe,,,1CM42_21,False,13.044083025306463,1CM42_21_R_#153.avi,False,640
False,0.1491660950705409,2101,480,vision,,3.527540946379304,1CM42_21,False,3.683582996018231,1CM42_21_R_#153.avi,False,640
False,0.12570794206112623,2102,480,vision,,2.9590000631287694,1CM42_21,False,3.0895830132067204,1CM42_21_R_#153.avi,False,640
,,2102,480,mediapipe,,,1CM42_21,False,13.003707979805768,1CM42_21_R_#153.avi,False,640
,,2103,480,mediapipe,,,1CM42_21,False,12.920584063977003,1CM42_21_R_#153.avi,False,640
False,0.3387919859960675,2103,480,vision,,4.851624951697886,1CM42_21,False,5.197416990995407,1CM42_21_R_#153.avi,False,640
False,0.19625003915280104,2104,480,vision,,3.221708000637591,1CM42_21,False,3.422625013627112,1CM42_21_R_#153.avi,False,640
,,2104,480,mediapipe,,,1CM42_21,False,13.095667003653944,1CM42_21_R_#153.avi,False,640
,,2105,480,mediapipe,,,1CM42_21,False,13.303874991834164,1CM42_21_R_#153.avi,False,640
False,0.1723339082673192,2105,480,vision,,4.720540950074792,1CM42_21,False,4.902916960418224,1CM42_21_R_#153.avi,False,640
False,0.12316694483160973,2106,480,vision,,3.953416016884148,1CM42_21,False,4.083000007085502,1CM42_21_R_#153.avi,False,640
,,2106,480,mediapipe,,,1CM42_21,False,13.185166055336595,1CM42_21_R_#153.avi,False,640
,,2107,480,mediapipe,,,1CM42_21,False,12.615167070180178,1CM42_21_R_#153.avi,False,640
False,0.22441695909947157,2107,480,vision,,3.6579170264303684,1CM42_21,False,3.8909169379621744,1CM42_21_R_#153.avi,False,640
False,0.23329199757426977,2108,480,vision,,3.006375045515597,1CM42_21,False,3.2475830521434546,1CM42_21_R_#153.avi,False,640
,,2108,480,mediapipe,,,1CM42_21,False,13.415417051874101,1CM42_21_R_#153.avi,False,640
,,2109,480,mediapipe,,,1CM42_21,False,13.46516702324152,1CM42_21_R_#153.avi,False,640
False,0.30087505001574755,2109,480,vision,,4.274207982234657,1CM42_21,False,4.589957999996841,1CM42_21_R_#153.avi,False,640
False,0.21341699175536633,2110,480,vision,,3.250167006626725,1CM42_21,False,3.474708995781839,1CM42_21_R_#153.avi,False,640
,,2110,480,mediapipe,,,1CM42_21,False,13.909375062212348,1CM42_21_R_#153.avi,False,640
,,2111,480,mediapipe,,,1CM42_21,False,12.728083995170891,1CM42_21_R_#153.avi,False,640
False,0.23233296815305948,2111,480,vision,,4.461458069272339,1CM42_21,False,4.7064999816939235,1CM42_21_R_#153.avi,False,640
False,0.23312494158744812,2112,480,vision,,3.296832903288305,1CM42_21,False,3.536249976605177,1CM42_21_R_#153.avi,False,640
,,2112,480,mediapipe,,,1CM42_21,False,13.097916962578893,1CM42_21_R_#153.avi,False,640
,,2113,480,mediapipe,,,1CM42_21,False,12.834124965593219,1CM42_21_R_#153.avi,False,640
False,0.21916604600846767,2113,480,vision,,4.580292035825551,1CM42_21,False,4.809416015632451,1CM42_21_R_#153.avi,False,640
False,0.18566602375358343,2114,480,vision,,3.6922500003129244,1CM42_21,False,3.8842910435050726,1CM42_21_R_#153.avi,False,640
,,2114,480,mediapipe,,,1CM42_21,False,13.180167065002024,1CM42_21_R_#153.avi,False,640
,,2115,480,mediapipe,,,1CM42_21,False,12.856582994572818,1CM42_21_R_#153.avi,False,640
False,0.24845905136317015,2115,480,vision,,4.707708954811096,1CM42_21,False,4.968084045685828,1CM42_21_R_#153.avi,False,640
False,0.19291590433567762,2116,480,vision,,3.1241249525919557,1CM42_21,False,3.323707962408662,1CM42_21_R_#153.avi,False,640
,,2116,480,mediapipe,,,1CM42_21,False,13.06791603565216,1CM42_21_R_#153.avi,False,640
,,2117,480,mediapipe,,,1CM42_21,False,12.688874965533614,1CM42_21_R_#153.avi,False,640
False,0.155583955347538,2117,480,vision,,3.7986249662935734,1CM42_21,False,3.9637499721720815,1CM42_21_R_#153.avi,False,640
False,0.1987079158425331,2118,480,vision,,4.700290970504284,1CM42_21,False,4.91054099984467,1CM42_21_R_#153.avi,False,640
,,2118,480,mediapipe,,,1CM42_21,False,14.214832917787135,1CM42_21_R_#153.avi,False,640
,,2119,480,mediapipe,,,1CM42_21,False,13.666167040355504,1CM42_21_R_#153.avi,False,640
False,0.1669999910518527,2119,480,vision,,3.8133750203996897,1CM42_21,False,3.9924579905346036,1CM42_21_R_#153.avi,False,640
False,0.31904096249490976,2120,480,vision,,4.397999960929155,1CM42_21,False,4.738832940347493,1CM42_21_R_#153.avi,False,640
,,2120,480,mediapipe,,,1CM42_21,False,14.318041037768126,1CM42_21_R_#153.avi,False,640
,,2121,480,mediapipe,,,1CM42_21,False,13.804040965624154,1CM42_21_R_#153.avi,False,640
False,0.49108394887298346,2121,480,vision,,4.730833927169442,1CM42_21,False,5.2389169577509165,1CM42_21_R_#153.avi,False,640
False,0.3632910083979368,2122,480,vision,,5.061208037659526,1CM42_21,False,5.444457987323403,1CM42_21_R_#153.avi,False,640
,,2122,480,mediapipe,,,1CM42_21,False,13.690875028260052,1CM42_21_R_#153.avi,False,640
,,2123,480,mediapipe,,,1CM42_21,False,13.861707993783057,1CM42_21_R_#153.avi,False,640
False,0.22200006060302258,2123,480,vision,,5.109625053592026,1CM42_21,False,5.36737497895956,1CM42_21_R_#153.avi,False,640
False,0.28974993620067835,2197,480,vision,0.304931640625,6.63604203145951,1CV12_12,True,7.120791939087212,1CV12_12_R_#89.avi,True,640
,,2197,480,mediapipe,,,1CV12_12,False,13.774333987385035,1CV12_12_R_#89.avi,True,640
,,2198,480,mediapipe,,,1CV12_12,False,13.562166946940124,1CV12_12_R_#89.avi,True,640
False,0.23341691121459007,2198,480,vision,0.260009765625,7.302750018425286,1CV12_12,True,7.69116694573313,1CV12_12_R_#89.avi,True,640
True,0.3239169018343091,2199,480,vision,0.459716796875,6.863374961540103,1CV12_12,True,7.347541977651417,1CV12_12_R_#89.avi,True,640
,,2199,480,mediapipe,,,1CV12_12,True,25.231666048057377,1CV12_12_R_#89.avi,True,640
,,2200,480,mediapipe,,,1CV12_12,True,11.80245797149837,1CV12_12_R_#89.avi,True,640
True,0.37583301309496164,2200,480,vision,0.52587890625,7.7104580122977495,1CV12_12,True,8.22745799086988,1CV12_12_R_#89.avi,True,640
False,0.16829196829348803,2201,480,vision,0.132080078125,6.648208945989609,1CV12_12,True,6.936999969184399,1CV12_12_R_#89.avi,True,640
,,2201,480,mediapipe,,,1CV12_12,True,12.10362499114126,1CV12_12_R_#89.avi,True,640
,,2202,480,mediapipe,,,1CV12_12,True,11.46879093721509,1CV12_12_R_#89.avi,False,640
False,0.17308304086327553,2202,480,vision,0.1357421875,6.068499991670251,1CV12_12,True,6.368875037878752,1CV12_12_R_#89.avi,False,640
False,0.13774994295090437,2203,480,vision,0.292236328125,7.263000006787479,1CV12_12,True,7.554834010079503,1CV12_12_R_#89.avi,False,640
,,2203,480,mediapipe,,,1CV12_12,True,11.73612498678267,1CV12_12_R_#89.avi,False,640
,,2204,480,mediapipe,,,1CV12_12,False,11.416750028729439,1CV12_12_R_#89.avi,False,640
True,0.31291693449020386,2204,480,vision,0.42724609375,7.176125072874129,1CV12_12,True,7.642999989911914,1CV12_12_R_#89.avi,False,640
False,0.31687505543231964,2205,480,vision,0.36474609375,6.695499992929399,1CV12_12,True,7.131167105399072,1CV12_12_R_#89.avi,False,640
,,2205,480,mediapipe,,,1CV12_12,False,13.597708893939853,1CV12_12_R_#89.avi,False,640
,,2206,480,mediapipe,,,1CV12_12,False,24.322292068973184,1CV12_12_R_#89.avi,False,640
True,0.2544160233810544,2206,480,vision,0.6025390625,6.8148329155519605,1CV12_12,True,7.221790961921215,1CV12_12_R_#89.avi,False,640
False,0.2487091114744544,2207,480,vision,0.133544921875,6.664082990027964,1CV12_12,True,7.031709072180092,1CV12_12_R_#89.avi,False,640
,,2207,480,mediapipe,,,1CV12_12,False,24.859291967004538,1CV12_12_R_#89.avi,False,640
,,2208,480,mediapipe,,,1CV12_12,False,24.873665999621153,1CV12_12_R_#89.avi,False,640
False,0.29370898846536875,2208,480,vision,0.283935546875,6.8402079632505774,1CV12_12,True,7.2764590149745345,1CV12_12_R_#89.avi,False,640
False,0.33487495966255665,2209,480,vision,0.15380859375,6.831459002569318,1CV12_12,True,7.319499971345067,1CV12_12_R_#89.avi,False,640
,,2209,480,mediapipe,,,1CV12_12,False,24.57779203541577,1CV12_12_R_#89.avi,False,640
,,2210,480,mediapipe,,,1CV12_12,False,23.723250022158027,1CV12_12_R_#89.avi,False,640
False,0.2538330154493451,2210,480,vision,0.123779296875,6.518792011775076,1CV12_12,True,6.909375078976154,1CV12_12_R_#89.avi,False,640
False,0.2993750385940075,2211,480,vision,0.242919921875,6.780083058401942,1CV12_12,True,7.220958010293543,1CV12_12_R_#89.avi,False,640
,,2211,480,mediapipe,,,1CV12_12,False,24.623667006380856,1CV12_12_R_#89.avi,False,640
,,2212,480,mediapipe,,,1CV12_12,False,24.179082945920527,1CV12_12_R_#89.avi,False,640
False,0.2312499564141035,2212,480,vision,0.0,6.302791996859014,1CV12_12,True,6.688833003863692,1CV12_12_R_#89.avi,False,640
False,0.22133300080895424,2213,480,vision,0.149169921875,6.630209041759372,1CV12_12,True,6.984915933571756,1CV12_12_R_#89.avi,False,640
,,2213,480,mediapipe,,,1CV12_12,True,25.19062499050051,1CV12_12_R_#89.avi,False,640
,,2214,480,mediapipe,,,1CV12_12,True,12.114166980609298,1CV12_12_R_#89.avi,False,640
False,0.2571250079199672,2214,480,vision,0.392822265625,7.096749963238835,1CV12_12,True,7.496083970181644,1CV12_12_R_#89.avi,False,640
True,0.34366699401289225,2215,480,vision,0.6201171875,6.802333984524012,1CV12_12,True,7.293583010323346,1CV12_12_R_#89.avi,False,640
,,2215,480,mediapipe,,,1CV12_12,False,11.664499994367361,1CV12_12_R_#89.avi,False,640
,,2216,480,mediapipe,,,1CV12_12,True,24.529957910999656,1CV12_12_R_#89.avi,False,640
True,0.18691690638661385,2216,480,vision,0.521484375,6.558916997164488,1CV12_12,True,6.877999985590577,1CV12_12_R_#89.avi,False,640
True,0.22629101295024157,2217,480,vision,0.662109375,5.33866707701236,1CV12_12,True,5.698916036635637,1CV12_12_R_#89.avi,False,640
,,2217,480,mediapipe,,,1CV12_12,True,12.000584043562412,1CV12_12_R_#89.avi,False,640
,,2218,480,mediapipe,,,1CV12_12,True,11.332374997437,1CV12_12_R_#89.avi,False,640
True,0.2683750353753567,2218,480,vision,0.49462890625,7.217000005766749,1CV12_12,True,7.629250059835613,1CV12_12_R_#89.avi,False,640
True,0.21854194346815348,2219,480,vision,0.541015625,7.011040928773582,1CV12_12,True,7.362291915342212,1CV12_12_R_#89.avi,False,640
,,2219,480,mediapipe,,,1CV12_12,True,12.008332996629179,1CV12_12_R_#89.avi,False,640
,,2220,480,mediapipe,,,1CV12_12,True,11.26304198987782,1CV12_12_R_#89.avi,False,640
True,0.3131669946014881,2220,480,vision,0.5107421875,7.432374986819923,1CV12_12,True,7.882250007241964,1CV12_12_R_#89.avi,False,640
True,0.2836249768733978,2221,480,vision,0.5517578125,5.484499968588352,1CV12_12,True,5.896167014725506,1CV12_12_R_#89.avi,False,640
,,2221,480,mediapipe,,,1CV12_12,True,11.897917021997273,1CV12_12_R_#89.avi,False,640
,,2222,480,mediapipe,,,1CV12_12,True,11.363667086698115,1CV12_12_R_#89.avi,False,640
True,0.36204198841005564,2222,480,vision,0.450439453125,6.477125105448067,1CV12_12,True,6.986625026911497,1CV12_12_R_#89.avi,False,640
True,0.3509580856189132,2223,480,vision,0.5908203125,6.270000012591481,1CV12_12,True,6.763875018805265,1CV12_12_R_#89.avi,False,640
,,2223,480,mediapipe,,,1CV12_12,True,12.747874949127436,1CV12_12_R_#89.avi,False,640
,,2224,480,mediapipe,,,1CV12_12,True,12.294374988414347,1CV12_12_R_#89.avi,False,640
True,0.28904201462864876,2224,480,vision,0.60205078125,7.093082997016609,1CV12_12,True,7.528666988946497,1CV12_12_R_#89.avi,False,640
True,0.1953750615939498,2225,480,vision,0.57373046875,6.872416008263826,1CV12_12,True,7.207041024230421,1CV12_12_R_#89.avi,False,640
,,2225,480,mediapipe,,,1CV12_12,True,11.7081250064075,1CV12_12_R_#89.avi,False,640
,,2226,480,mediapipe,,,1CV12_12,True,11.7413749685511,1CV12_12_R_#89.avi,False,640
True,0.2329580020159483,2226,480,vision,0.6123046875,6.996167008765042,1CV12_12,True,7.340791053138673,1CV12_12_R_#89.avi,False,640
True,0.27120800223201513,1836,480,vision,0.880859375,5.35820797085762,1CV12_7,True,5.754375015385449,1CV12_7_R_#81.avi,True,640
,,1836,480,mediapipe,,,1CV12_7,False,11.631833971478045,1CV12_7_R_#81.avi,True,640
,,1837,480,mediapipe,,,1CV12_7,True,24.33775004465133,1CV12_7_R_#81.avi,True,640
True,0.27887499891221523,1837,480,vision,0.87060546875,6.470083957538009,1CV12_7,True,6.8851669784635305,1CV12_7_R_#81.avi,True,640
True,0.18745905254036188,1838,480,vision,0.87255859375,5.555792013183236,1CV12_7,True,5.878334050066769,1CV12_7_R_#81.avi,True,640
,,1838,480,mediapipe,,,1CV12_7,True,11.478708009235561,1CV12_7_R_#81.avi,True,640
,,1839,480,mediapipe,,,1CV12_7,True,11.517083970829844,1CV12_7_R_#81.avi,True,640
True,0.17233402468264103,1839,480,vision,0.86962890625,5.698040942661464,1CV12_7,True,6.00429205223918,1CV12_7_R_#81.avi,True,640
True,0.11904200073331594,1840,480,vision,0.8837890625,5.317791015841067,1CV12_7,True,5.55224996060133,1CV12_7_R_#81.avi,True,640
,,1840,480,mediapipe,,,1CV12_7,True,11.89237495418638,1CV12_7_R_#81.avi,True,640
,,1841,480,mediapipe,,,1CV12_7,True,11.476875049993396,1CV12_7_R_#81.avi,False,640
True,0.2107920590788126,1841,480,vision,0.87109375,5.925417062826455,1CV12_7,True,6.279999972321093,1CV12_7_R_#81.avi,False,640
True,0.1977500505745411,1842,480,vision,0.87255859375,6.239209091290832,1CV12_7,True,6.5495839808136225,1CV12_7_R_#81.avi,False,640
,,1842,480,mediapipe,,,1CV12_7,True,12.173916911706328,1CV12_7_R_#81.avi,False,640
,,1843,480,mediapipe,,,1CV12_7,True,11.684166034683585,1CV12_7_R_#81.avi,False,640
True,0.22220797836780548,1843,480,vision,0.88232421875,6.91599992569536,1CV12_7,True,7.257499964907765,1CV12_7_R_#81.avi,False,640
True,0.12583297211676836,1844,480,vision,0.8662109375,5.515958997420967,1CV12_7,True,5.756499944254756,1CV12_7_R_#81.avi,False,640
,,1844,480,mediapipe,,,1CV12_7,True,12.093291967175901,1CV12_7_R_#81.avi,False,640
,,1845,480,mediapipe,,,1CV12_7,True,11.658999952487648,1CV12_7_R_#81.avi,False,640
True,0.21533295512199402,1845,480,vision,0.86767578125,5.644541000947356,1CV12_7,True,5.974082974717021,1CV12_7_R_#81.avi,False,640
True,0.19504199735820293,1846,480,vision,0.86669921875,5.223250016570091,1CV12_7,True,5.52200002130121,1CV12_7_R_#81.avi,False,640
,,1846,480,mediapipe,,,1CV12_7,True,11.08341699000448,1CV12_7_R_#81.avi,False,640
,,1847,480,mediapipe,,,1CV12_7,True,11.038583004847169,1CV12_7_R_#81.avi,False,640
True,0.11150003410875797,1847,480,vision,0.86376953125,6.674416013993323,1CV12_7,True,6.88574998639524,1CV12_7_R_#81.avi,False,640
True,0.18416601233184338,1848,480,vision,0.880859375,5.055999965406954,1CV12_7,True,5.344250006601214,1CV12_7_R_#81.avi,False,640
,,1848,480,mediapipe,,,1CV12_7,True,12.005915981717408,1CV12_7_R_#81.avi,False,640
,,1849,480,mediapipe,,,1CV12_7,True,11.42870809417218,1CV12_7_R_#81.avi,False,640
True,0.2650829264894128,1849,480,vision,0.86328125,5.8481249725446105,1CV12_7,True,6.226375000551343,1CV12_7_R_#81.avi,False,640
True,0.21112500689923763,1850,480,vision,0.8876953125,5.273374961689115,1CV12_7,True,5.600292002782226,1CV12_7_R_#81.avi,False,640
,,1850,480,mediapipe,,,1CV12_7,True,12.647542054764926,1CV12_7_R_#81.avi,False,640
,,1851,480,mediapipe,,,1CV12_7,True,11.773083009757102,1CV12_7_R_#81.avi,False,640
True,0.3165840171277523,1851,480,vision,0.8837890625,6.143833044916391,1CV12_7,True,6.599541986361146,1CV12_7_R_#81.avi,False,640
True,0.17037498764693737,1852,480,vision,0.87060546875,5.05879195407033,1CV12_7,True,5.347208003513515,1CV12_7_R_#81.avi,False,640
,,1852,480,mediapipe,,,1CV12_7,True,11.996833956800401,1CV12_7_R_#81.avi,False,640
,,1853,480,mediapipe,,,1CV12_7,True,11.76620798651129,1CV12_7_R_#81.avi,False,640
True,0.21962507162243128,1853,480,vision,0.87451171875,7.266500033438206,1CV12_7,True,7.616457995027304,1CV12_7_R_#81.avi,False,640
True,0.21420791745185852,1854,480,vision,0.86572265625,5.4167089983820915,1CV12_7,True,5.735749960877001,1CV12_7_R_#81.avi,False,640
,,1854,480,mediapipe,,,1CV12_7,True,11.696749948896468,1CV12_7_R_#81.avi,False,640
,,1855,480,mediapipe,,,1CV12_7,True,12.020083027891815,1CV12_7_R_#81.avi,False,640
True,0.17312495037913322,1855,480,vision,0.87158203125,6.99449994135648,1CV12_7,True,7.304292055778205,1CV12_7_R_#81.avi,False,640
True,0.2097500255331397,1856,480,vision,0.87158203125,6.713291979394853,1CV12_7,True,7.0454999804496765,1CV12_7_R_#81.avi,False,640
,,1856,480,mediapipe,,,1CV12_7,True,11.728084064088762,1CV12_7_R_#81.avi,False,640
,,1857,480,mediapipe,,,1CV12_7,True,11.55591697897762,1CV12_7_R_#81.avi,False,640
True,0.29079196974635124,1857,480,vision,0.8759765625,5.894707981497049,1CV12_7,True,6.300207925960422,1CV12_7_R_#81.avi,False,640
True,0.12029195204377174,1858,480,vision,0.8779296875,5.538583034649491,1CV12_7,True,5.778499995358288,1CV12_7_R_#81.avi,False,640
,,1858,480,mediapipe,,,1CV12_7,True,11.780707980506122,1CV12_7_R_#81.avi,False,640
,,1859,480,mediapipe,,,1CV12_7,True,11.993916938081384,1CV12_7_R_#81.avi,False,640
True,0.2300000051036477,1859,480,vision,0.8857421875,7.028708001598716,1CV12_7,True,7.381542003713548,1CV12_7_R_#81.avi,False,640
True,0.25583396200090647,1860,480,vision,0.890625,5.155166960321367,1CV12_7,True,5.539874895475805,1CV12_7_R_#81.avi,False,640
,,1860,480,mediapipe,,,1CV12_7,True,11.324457940645516,1CV12_7_R_#81.avi,False,640
,,1861,480,mediapipe,,,1CV12_7,True,11.930792010389268,1CV12_7_R_#81.avi,False,640
True,0.17270795069634914,1861,480,vision,0.8916015625,5.997291998937726,1CV12_7,True,6.300707929767668,1CV12_7_R_#81.avi,False,640
True,0.2031250623986125,1862,480,vision,0.8876953125,5.401292000897229,1CV12_7,True,5.715625011362135,1CV12_7_R_#81.avi,False,640
,,1862,480,mediapipe,,,1CV12_7,True,11.932790977880359,1CV12_7_R_#81.avi,False,640
,,1863,480,mediapipe,,,1CV12_7,True,11.150125064887106,1CV12_7_R_#81.avi,False,640
True,0.214375089854002,1863,480,vision,0.798828125,7.160041015595198,1CV12_7,True,7.506875088438392,1CV12_7_R_#81.avi,False,640
True,0.3140839980915189,1864,480,vision,0.86474609375,5.9582500252872705,1CV12_7,True,6.397624965757132,1CV12_7_R_#81.avi,False,640
,,1864,480,mediapipe,,,1CV12_7,True,12.4612080398947,1CV12_7_R_#81.avi,False,640
,,1865,480,mediapipe,,,1CV12_7,True,11.648292071186006,1CV12_7_R_#81.avi,False,640
True,0.19491591956466436,1865,480,vision,0.71826171875,5.753500037826598,1CV12_7,True,6.077750003896654,1CV12_7_R_#81.avi,False,640
